Permission,LCH-TH (Deposit Staff)
 Menu  Member,TRUE
 Access  View Member List,TRUE
 Access  Details Member,TRUE
 Access  Create Lock Member,TRUE
 Access  Update Lock Member,TRUE
 Access  Lock Member,TRUE
 Access  Lock Member Find Provider,TRUE
 Access  Search Member,TRUE
 Access  Get Last 50 Trans Deposit,TRUE
 Access  Export Csv Last 50 Trans Deposit,TRUE
 Access  Find User Favorite,TRUE
 Access  Get Promotion In Last 50 Trans Deposit,TRUE
 Access  Get Bank Information Member,TRUE
 Access  Find User Favorite For Member,TRUE
 Access  Search Adjust Wallet User,TRUE
 Access  View Adjust Wallet User,TRUE
 Access  Details Adjust Wallet User,TRUE
 Access  Create Adjust Wallet User,TRUE
 Access  Upload Slip,TRUE
 Access  Upload Slip,TRUE
 Access  Get User Detail For Adjust,TRUE
 Access  Find User Description,TRUE
 Access  View Adjust Point User,TRUE
 Access  Get Payment Pool Option,TRUE
 Access  Find Ip Member,TRUE
 Access  Find Activity Logs Ip,TRUE
 Access  Check Member Account,TRUE
 Access  Check Member Wallet,TRUE
 Access  Get Wallet No Member,TRUE
 Access  Edit Wallet No Member,TRUE
 Access  Adjust Turn Deposit,TRUE
 Menu  Deposit,TRUE
 Access  View Deposit Transaction,TRUE
 Access  Details Deposit Transaction,TRUE
 Access  Rejectapprove Deposit Transaction,TRUE
 Access  Search Deposit Transaction,TRUE
 Access  Get Promotion In Details Deposit,TRUE
 Access  Count Deposit Withdraw,TRUE
 Menu  Auto Bank Deposit,TRUE
 Access  Search Deposit Auto Skip,TRUE
 Access  Search Deposit Auto Verify,TRUE
 Access  Get Deposit Auto Verify,TRUE
 Access  Search Deposit Auto Waiting,TRUE
 Access  Find Deposit Auto,TRUE
 Access  Find Deposit Auto Search,TRUE
 Access  Find Deposit Auto Wating User,TRUE
 Access  Create Deposit Auto Wating User Deposit,TRUE
 Access  Delete Deposit Auto,TRUE
 Menu  Truewallet Deposit,TRUE
 Access  View Deposit Truewallet Transaction,TRUE
 Access  Search Deposit Truewallet Transaction,TRUE
 Access  View Deposit Truewallet Waiting,TRUE
 Access  Get Deposit Truewallet Waiting,TRUE
 Access  Delete Verify,TRUE
 Access  Delete Verify Truewallet,TRUE
 Access  Search Deposit Truewallet Waiting,TRUE
 Access  Search User Deposit Truewallet Verify,TRUE
 Access  User Create Deposit Truewallet Verify,TRUE
 Access  View Deposit Truewallet Transaction Verify,TRUE
 Access  Detail Deposit Truewallet Transaction Verify,TRUE
 Access  Search Deposit Truewallet Transaction Verify,TRUE
 Access  Remove Deposit Truewallet Transaction Verify,TRUE
 Menu  All Deposit,TRUE
 Access  Find All Transaction Deposit,TRUE
 Access  Get Transaction All Deposit,TRUE
 Access  Find All Transaction Adjust Deposit,TRUE
 Access  Export Deposit Adjust Transaction,TRUE
 Menu  Gateway Deposit,TRUE
 Access  Find Deposit Gateway,TRUE
 Access  Search Deposit Gateway Waiting,TRUE
 Access  Find Deposit Gateway Wating User,TRUE
 Access  Create Deposit Gateway Wating User Deposit,TRUE
 Access  Search Deposit Gateway Skip,TRUE
 Access  Search Deposit Gateway Verify,TRUE
 Access  Get Deposit Gateway Verify,TRUE
 Access  Delete Deposit Gateway,TRUE
 Menu  Statement,TRUE
 Access  Patch User Statement Clear Outstanding,TRUE
