Permission,LCH-TH (Withdraw)
 Menu  Member,TRUE
 Access  Check Twofactor Authentication,TRUE
 Access  View Member List,TRUE
 Access  Details Member,TRUE
 Access  Create Member,TRUE
 Access  Edit Member,TRUE
 Access  Delete Member,TRUE
 Access  Search Member,TRUE
 Access  Update Level Member,TRUE
 Access  Changepassword Member,TRUE
 Access  Get Last 50 Trans Deposit,TRUE
 Access  Get Promotion In Last 50 Trans Deposit,TRUE
 Access  Get Last 50 Trans Withdraw,TRUE
 Access  Get Bank Information Member,TRUE
 Access  Edit Bank Information Member,TRUE
 Access  Get Activity Log,TRUE
 Access  Get Login Log,TRUE
 Access  Search Adjust Wallet User,TRUE
 Access  View Adjust Wallet User,TRUE
 Access  Details Adjust Wallet User,TRUE
 Access  Create Adjust Wallet User,TRUE
 Access  Sign Url For Upload,TRUE
 Access  Upload Slip,TRUE
 Access  Upload Slip,TRUE
 Access  Get User Detail For Adjust,TRUE
 Access  Patch Otp Verify,TRUE
 Access  Get Member Otp,TRUE
 Access  Find Member Otp,TRUE
 Access  Find Affiliate Team List,TRUE
 Access  Find Affiliate Team List Search,TRUE
 Access  Find Affiliate Team List Check Root,TRUE
 Access  Find Affiliate Team List Change,TRUE
 Access  Patch Affiliate Team List Change,TRUE
 Access  Find Blacklist Behavior,TRUE
 Access  Create Blacklist Behavior,TRUE
 Access  Search Adjust Point User,TRUE
 Access  Create Adjust Point User,TRUE
 Access  View Adjust Point User,TRUE
 Access  Edit Member Account Pool Config,TRUE
 Access  Get Payment Pool Option,TRUE
 Access  Check Member Account,TRUE
 Access  Check Member Wallet,TRUE
 Access  Get Wallet No Member,TRUE
 Access  Edit Wallet No Member,TRUE
 Menu  Withdraw,TRUE
 Access  Upload Slip For Withdraw,TRUE
 Access  Upload Slip For Withdraw,TRUE
 Access  Search Withdraw Waiting,TRUE
 Access  View Withdraw Waiting,TRUE
 Access  Get Details Withdraw Waiting,TRUE
 Access  Edit Withdraw Waiting,TRUE
 Access  Search Withdraw Approve,TRUE
 Access  View Withdraw Approve,TRUE
 Access  Edit Withdraw Approve,TRUE
 Access  Get Details Withdraw Approve,TRUE
 Access  Search Withdraw History,TRUE
 Access  View Withdraw History,TRUE
 Access  Get Details Withdraw History,TRUE
 Access  Search Withdraw Settlement,TRUE
 Access  View Withdraw Settlement,TRUE
 Access  Get Detail Withdraw Settlement,TRUE
 Access  Create Withdraw Settlement,TRUE
 Access  Edit Withdraw Settlement,TRUE
 Access  View Withdraw Settlement,TRUE
 Access  Search Withdraw Settlement Transaction,TRUE
 Access  View Withdraw Settlement Transaction,TRUE
 Access  Get Details Withdraw Settlement Transaction,TRUE
 Access  Create Withdraw Settlement Transaction,TRUE
 Access  View Withdraw Config,TRUE
 Access  Edit Withdraw Config,TRUE
 Access  Edit Settlement Account Scb Bot,TRUE
 Access  Request Otp Settlement Account Scb Bot,TRUE
 Access  Conirm Otp Settlement Account Scb Bot,TRUE
 Access  Get Settlement Account Scb Bot,TRUE
 Access  Edit Settlement Account Kkp Bot,TRUE
 Access  Get Settlement Account Kkp Bot,TRUE
 Access  Request Otp Settlement Account Kkp Bot,TRUE
 Access  Conirm Otp Settlement Account Kkp Bot,TRUE
 Access  Get Settlement Account Kbank Bot,TRUE
 Access  Edit Settlement Account Kbank Bot,TRUE
 Access  Get Settlement Account Vizpay Bot,TRUE
 Access  Edit Settlement Account Vizpay Bot,TRUE
 Access  Get Settlement Account Mandiri Bot,TRUE
 Access  Edit Settlement Account Mandiri Bot,TRUE
 Access  Get Settlement Account Genkinpay Bot,TRUE
 Access  Edit Settlement Account Mandiri Bot Sync,TRUE
 Access  Edit Settlement Account Genkinpay Bot,TRUE
 Access  Get Settlement Account Hengpay Bot,TRUE
 Access  Get Settlement Account Lnwpay Bot,TRUE
 Access  Get Settlement Account Powerpay88 Bot,TRUE
 Access  Get Settlement Account S88pay Bot,TRUE
 Access  Get Settlement Account Sunnypay Bot,TRUE
 Access  Edit Settlement Account Hengpay Bot,TRUE
 Access  Edit Settlement Account Lnwpay Bot,TRUE
 Access  Edit Settlement Account Powerpay88 Bot,TRUE
 Access  Edit Settlement Account S88pay Bot,TRUE
 Access  Edit Settlement Account Sunnypay Bot,TRUE
 Access  Get Settlement Account Jokpay Bot,TRUE
 Access  Edit Settlement Account Jokpay Bot,TRUE
 Access  Get Settlement Account Wealthpay Bot,TRUE
 Access  Edit Settlement Account Wealthpay Bot,TRUE
 Access  Get Settlement Account Gsb Bot,TRUE
 Access  Edit Settlement Account Gsb Bot,TRUE
 Access  Request Otp Settlement Account Gsb Bot,TRUE
 Access  Conirm Otp Settlement Account Gsb Bot,TRUE
 Access  Verify Face Settlement Account Gsb Bot,TRUE
 Access  Get Settlement Account Capitalpay Bot,TRUE
 Access  Edit Settlement Account Capitalpay Bot,TRUE
 Access  Find Auto Withdraw,TRUE
 Access  Patch Auto Withdraw,TRUE
 Access  Get User Outstanding,TRUE
 Access  Delete Settlement Account,TRUE
 Access  Settlement Get Balance,TRUE
 Access  Settlement Get Transfer Transaction,TRUE
 Access  Settlement Craete Transfer Transaction,TRUE
 Access  Settlement Confirm Transfer Transaction,TRUE
 Access  Settlement Get Transfer Transaction,TRUE
 Access  Find Last Privilege To Wallet,TRUE
 Access  Find Outstanging Config,TRUE
 Access  Patch Outstanging Config,TRUE
 Access  Get Settlement Account Toppay Bot,TRUE
 Access  Edit Settlement Account Toppay Bot,TRUE
 Access  Find Withdrawal Config Verify,TRUE
 Access  Get Withdrawal Config Verify,TRUE
 Access  Create Withdrawal Config Api Face Verify,TRUE
 Access  Remove Withdrawal Config Api Face Verify,TRUE
 Access  Get Settlement Account Corepay Bot,TRUE
 Access  Edit Settlement Account Corepay Bot,TRUE
 Access  Get Settlement Account Luckypay Bot,TRUE
 Access  Edit Settlement Account Luckypay Bot,TRUE
 Menu  Promotion,TRUE
 Access  Assgin Promotion Member,TRUE
 Access  Pre Assgin Promotion Member,TRUE
 Menu  Statement,TRUE
 Access  Find User Statement Transaction,TRUE
