Permission,LCH-TH (Marketing Content)
 Menu  Member,TRUE
 Access  Check Twofactor Authentication,TRUE
 Access  View Member List,TRUE
 Access  Details Member,TRUE
 Access  Create Lock Member,TRUE
 Access  Lock Member,TRUE
 Access  Lock Member Find Game Category,TRUE
 Access  Lock Member Find Game List,TRUE
 Access  Lock Member Find Provider,TRUE
 Access  Edit Member,TRUE
 Access  Search Member,TRUE
 Access  Update Level Member,TRUE
 Access  Changepassword Member,TRUE
 Access  Get Last 50 Trans Deposit,TRUE
 Access  Remove User Favorite,TRUE
 Access  Export Csv Last 50 Trans Deposit,TRUE
 Access  Find User Favorite,TRUE
 Access  Get Promotion In Last 50 Trans Deposit,TRUE
 Access  Find User Last Played,TRUE
 Access  Get Last 50 Trans Withdraw,TRUE
 Access  Export Csv Last 50 Trans Withdraw,TRUE
 Access  Get Bank Information Member,TRUE
 Access  Find User Favorite For Member,TRUE
 Access  Get Activity Log,TRUE
 Access  Export Csv Activity Log,TRUE
 Access  Get Login Log,TRUE
 Access  Export Csv Login Log,TRUE
 Access  Search Adjust Wallet User,TRUE
 Access  View Adjust Wallet User,TRUE
 Access  Details Adjust Wallet User,TRUE
 Access  Create Adjust Wallet User,TRUE
 Access  Upload Slip,TRUE
 Access  Upload Slip,TRUE
 Access  Get User Detail For Adjust,TRUE
 Access  Find Blacklist Behavior,TRUE
 Access  Search Adjust Point User,TRUE
 Access  Create Adjust Point User,TRUE
 Access  Find User Description,TRUE
 Access  View Adjust Point User,TRUE
 Access  Find Ip Member,TRUE
 Access  Find Activity Logs Ip,TRUE
 Access  Check Member Account,TRUE
 Access  Check Member Wallet,TRUE
 Access  Get Wallet No Member,TRUE
 Menu  All Deposit,TRUE
 Access  Find All Transaction Deposit,TRUE
 Access  Get Transaction All Deposit,TRUE
 Menu  Withdraw,TRUE
 Access  Search Withdraw Waiting,TRUE
 Access  View Withdraw Waiting,TRUE
 Access  Get Details Withdraw Waiting,TRUE
 Access  Search Withdraw Approve,TRUE
 Access  View Withdraw Approve,TRUE
 Access  Edit Withdraw Approve,TRUE
 Access  Get Details Withdraw Approve,TRUE
 Access  Search Withdraw History,TRUE
 Access  View Withdraw History,TRUE
 Access  Get Details Withdraw History,TRUE
 Menu  Promotion,TRUE
 Access  Search Promotion Information,TRUE
 Access  View Promotion Information,TRUE
 Access  Get Detail Promotion Information,TRUE
 Access  View Bonus Payout Setting,TRUE
 Access  Get Detail Bonus Payout Setting,TRUE
 Access  View Bonus Release Setting,TRUE
 Access  Get Details Bonus Release Setting,TRUE
 Access  View Bonus Language Setting,TRUE
 Access  Get Details Bonus Language Setting,TRUE
 Access  Upload Promotion Images,TRUE
 Access  Upload Promotion Images,TRUE
 Access  Find Member Join Promotion,TRUE
 Access  Find Promotion Member Report And Current,TRUE
 Access  Patch Status Promotion Member,TRUE
 Access  Find Layout Position,TRUE
 Access  Get Layout Position,TRUE
 Access  Promotion Update Seq No,TRUE
 Access  Assgin Promotion Member,TRUE
 Access  Pre Assgin Promotion Member,TRUE
 Menu  CMS,TRUE
 Access  Create Note User,TRUE
 Access  Get Note User,TRUE
 Access  Remove Note User,TRUE
 Access  Patch System Remark Config,TRUE
 Access  Find System Remark Config,TRUE
 Access  Get System Remark Config,TRUE
 Access  Delete System Remark Config,TRUE
 Access  Create System Remark Config,TRUE
 Menu  Rebate,TRUE
 Access  Find Rebate Transaction,TRUE
 Access  Search Rebate Transaction,TRUE
 Access  Find Rebate Transaction Detail,TRUE
 Access  Find Rebate Transfer,TRUE
 Access  Find Rebate History,TRUE
 Access  Search Rebate History,TRUE
 Access  Find Rebate History,TRUE
 Access  Search Rebate History,TRUE
 Access  Find Rebate Member Detail,TRUE
 Menu  Cashback,TRUE
 Access  Find Cashback Transaction,TRUE
 Access  Search Cashback Transaction,TRUE
 Access  Find Rebate Transaction Detail,TRUE
 Access  Find Cashback Transfer,TRUE
 Access  Find Rebate Transaction History,TRUE
 Access  Search Rebate Transaction Detail,TRUE
 Access  Find Cashback Member Detail,TRUE
 Menu  Report,TRUE
 Access  Search Game History,TRUE
 Access  Find Report Summery Partner,TRUE
 Access  Find Report Daily Freespin,TRUE
 Access  Find Report Web Daily Freespin,TRUE
 Access  Find Game History,TRUE
 Access  Find Report Daily,TRUE
 Access  Find First Time Deposit,TRUE
 Access  Find Topup Transaction,TRUE
 Access  Find Topup Transaction Chart,TRUE
 Access  Find Topup Transaction Table Bot,TRUE
 Access  Find Topup Transaction Table Admin,TRUE
 Access  Find Topup Transaction Table Reason,TRUE
 Access  Find Top 15 Affiliate,TRUE
 Access  Find Affiliate Monthly Report,TRUE
 Access  Find First Time Deposit Chart,TRUE
 Access  Find First Time Deposit Day,TRUE
 Access  Find First Time Deposit Month,TRUE
 Access  Report Adjust Wallet User,TRUE
 Access  Report Member Birthday,TRUE
 Access  Report Member Turnover Turnwinlose Summary Category Of Provider,TRUE
 Access  Report Member Turnover Turnwinlose Summary Game Category,TRUE
 Access  Report Member Turnover Turnwinlose Summary Game Provider,TRUE
 Access  Report Performance Promotion,TRUE
 Access  Report Received Promotion,TRUE
 Access  Report Adjust Withdraw Settlement Transaction User,TRUE
 Access  Report Returning Players,TRUE
 Access  Report Find Kpi Admin Withdraw,TRUE
 Access  Report Returning Players Details,TRUE
 Access  View Daily Cashback,TRUE
 Access  Report Get Kpi Admin Withdraw,TRUE
 Access  View Daily Rebate,TRUE
 Access  Find Export Data Daily Affiliate,TRUE
 Access  Find Monthly Rebate,TRUE
 Access  Find Monthly Cashback,TRUE
 Access  Find Daily Affiliate Search,TRUE
 Access  Find Top 50 Favorite Game,TRUE
 Access  Find Register Frequency,TRUE
 Access  View No Deposit Member,TRUE
 Access  Find No Deposit User UNDEFINED Report,TRUE
 Access  Find Top Deposit,TRUE
 Access  Find Daily Affiliate Search,TRUE
 Access  Find Top 100 Turn Over,TRUE
 Access  Search Top 100 UNDEFINED Turnover Report,TRUE
 Access  Find Daily Max Withdraw,TRUE
 Access  Find User Withdraw Report Search,TRUE
 Access  Find Report New Member Promotion,TRUE
 Access  Search User Activity Report,TRUE
 Access  Summary Transaction Game,TRUE
 Access  Summary Transaction Game Detail,TRUE
 Access  Find User Deposit Channel,TRUE
 Access  Find Deposit Range Report Search,TRUE
 Access  Find Summary Deposit And Withdraw,TRUE
 Access  Find Deposit Check Report Search,TRUE
 Access  Find Summary Deposit Detail,TRUE
 Access  Find Summary Withdraw Detail,TRUE
 Access  Find Web Daily Affiliate,TRUE
 Access  Find Cashback Daily Report,TRUE
 Access  Find Affiliate Monthly Report,TRUE
 Access  Find Rebate Daily Report,TRUE
 Access  Find Affiliate Daily Report,TRUE
 Access  Find Web Daily Cashback,TRUE
 Access  Find Cashback Monthly Report,TRUE
 Access  Find Web Monthly Cashback,TRUE
 Access  Find Affiliate Monthly Report,TRUE
 Access  Find Web Rebate Daily Report,TRUE
 Access  Find Rebate Monthly Report,TRUE
 Access  Find Rebate Monthly Report,TRUE
 Access  Find Blacklist Info Member,TRUE
 Access  Find No Bet Member Report,TRUE
 Access  Find Daily Point Report,TRUE
 Access  Find Web Daily Point Report,TRUE
 Access  Daily Redeem Card Report,TRUE
 Access  Daily Redeem Exchange Money Report,TRUE
 Access  Daily Redeem Lucky Box Report,TRUE
 Access  Daily Redeem Reward Report,TRUE
 Access  Find New Member Register Channel Report,TRUE
 Access  Find Member Lv Report,TRUE
 Access  Get Member Lv Report,TRUE
 Access  Find Member Summary Report,TRUE
 Access  Find Member Summary Turnover Turnwinlose,TRUE
 Access  Find Ip Member Blacklist,TRUE
 Access  Find Report New Member Promotion Detail,TRUE
 Access  Find Web Member Summary Report,TRUE
 Access  Find Affiliate Performance,TRUE
 Access  Get Affiliate Performance,TRUE
 Access  Find Affiliate Performance Turnover Winlose,TRUE
 Access  Get Admin Activity Member,TRUE
 Access  Report Daily Login Members,TRUE
 Access  Find Performance Affiliate Member,TRUE
 Access  Find Referral Performance Transaction,TRUE
 Access  Find Performance Received Promotion,TRUE
 Access  Report Daily Login Members Detail,TRUE
 Access  Find Member Level History,TRUE
 Access  Get Member Level History,TRUE
 Access  Find Report Redeem Freespin Status,TRUE
 Access  Find Member Register Date,TRUE
 Access  Find Report Member First Time Deposit,TRUE
 Access  Find Report Member Allowance,TRUE
 Access  Find Web Adjust Point Report,TRUE
 Access  Find Daily Deposit Member,TRUE
 Access  Find Promotion Freespins Status,TRUE
 Access  Find Web Daily Redeem Reward,TRUE
 Access  Find Transaction Adjust Turn Deposit,TRUE
 Access  Find Transaction Adjust Turn Deposit,TRUE
 Access  Find Report Referral Performance Member,TRUE
 Access  Find Report Referral Performance Transaction,TRUE
 Access  Get Report Referral Performance Transaction Member,TRUE
 Access  Get Report Referral Performance Winlose And Turnover Game,TRUE
 Menu  Archive,TRUE
 Access  Find Download Archive Report,TRUE
 Menu  Point,TRUE
 Access  Find Point Transaction,TRUE
 Access  Find Point Transaction Detail,TRUE
 Access  Get Point Transaction,TRUE
 Access  Details Adjust Point User,TRUE
 Access  Find Point Member Detail,TRUE
 Menu  Redeem,TRUE
 Access  Find Redeem Transaction,TRUE
 Access  Find Redeem Transaction Lre,TRUE
 Access  Find Redeem Transaction Detail Lr,TRUE
 Access  Find Redeem Transaction Detail E,TRUE
 Access  Find Redeem Transaction Rr,TRUE
 Access  Find Redeem Transaction Rr View,TRUE
 Menu  Statement,TRUE
 Access  Get User Statement Promotion Member,TRUE
 Access  Find User Statement Transaction,TRUE
 Access  Replay Game History,TRUE
 Access  Find Football Monitor Transaction,TRUE
 Access  Find Summary Statement Deposit Withdraw,TRUE
 Access  Find Summary Statement Exchange Money,TRUE
 Access  Find Summary Statement Promotion,TRUE
 Access  Find Summary Statement Quest,TRUE
 Access  Find Summary Statement Transfer,TRUE
 Access  Find Summary Statement Turnover Turnwinlose,TRUE
 Access  Find Summary Statement Turnover Turnwinlose Game Category,TRUE
 Access  Find Summary Statement Turnover Turnwinlose Provider,TRUE
 Menu  Quest,TRUE
 Access  Find Quest Transaction,TRUE
 Access  Find Quest Member Detail,TRUE
 Access  Find Daily Quest,TRUE
 Access  Find Web Daily Quest,TRUE
 Access  Find Quest Management,TRUE
 Access  View Quest Language Setting,TRUE
 Access  Find Promotion Name,TRUE
 Access  Find Game Name,TRUE
 Access  Find Provider Quest,TRUE
 Access  Find Game Category Name,TRUE
