Permission,LCH-JP (mkt_group)
 Menu  Member,TRUE
 Access  Lock Member Find Provider,TRUE
 Menu  Promotion,TRUE
 Access  Search Promotion Information,TRUE
 Access  Find Promotion Freespin,TRUE
 Access  View Promotion Information,TRUE
 Access  Get Detail Promotion Information,TRUE
 Access  View Bonus Payout Setting,TRUE
 Access  Get Detail Bonus Payout Setting,TRUE
 Access  View Bonus Release Setting,TRUE
 Access  Get Details Bonus Release Setting,TRUE
 Access  View Bonus Language Setting,TRUE
 Access  Get Details Bonus Language Setting,TRUE
 Access  Create Bonus Language Setting,TRUE
 Access  Find Member Join Promotion,TRUE
 Access  Find Promotion Member Report And Current,TRUE
 Access  Find Layout Position,TRUE
 Access  Get Layout Position,TRUE
 Menu  Rebate,TRUE
 Access  Find Rebate Config,TRUE
 Access  Find Rebate Rule,TRUE
 Access  Get Rebate Rule,TRUE
 Access  Find Rebate Transaction,TRUE
 Access  Search Rebate Transaction,TRUE
 Access  Find Rebate Transaction Detail,TRUE
 Access  Find Rebate Transfer,TRUE
 Access  Find Rebate History,TRUE
 Access  Search Rebate History,TRUE
 Access  Find Rebate History,TRUE
 Access  Search Rebate History,TRUE
 Access  Find Rebate Articles,TRUE
 Access  User Claim Rebate,TRUE
 Access  Find Rebate Member Detail,TRUE
 Menu  Point,TRUE
 Access  Find Point Transaction,TRUE
 Access  Find Point Transaction Detail,TRUE
 Access  Get Point Transaction,TRUE
 Access  Find Point Config,TRUE
 Access  Find Point Rule,TRUE
 Access  Get Point Rule,TRUE
 Access  Details Adjust Point User,TRUE
 Access  Find Point Member Detail,TRUE
 Menu  Redeem,TRUE
 Access  Find Redeem Exchange Money Config,TRUE
 Access  Find Redeem Freespin,TRUE
 Access  Get Redeem Freespin,TRUE
 Access  Find Redeem Freespin Articles,TRUE
 Access  Get Redeem Freespin Articles,TRUE
 Access  Find Redeem Freespin Config,TRUE
 Access  Find Redeem Freespin Game List,TRUE
 Access  Find Redeem Freespin Provider,TRUE
 Access  Find Redeem Transaction,TRUE
 Access  Find Redeem Transaction Lre,TRUE
 Access  Find Redeem Transaction Detail Lr,TRUE
 Access  Find Redeem Transaction Freespin,TRUE
 Access  Find Redeem Transaction Detail E,TRUE
 Access  Find Redeem Transaction Detail Freespin,TRUE
 Access  Find Redeem Transaction Rr,TRUE
 Access  Find Redeem Transaction Rr View,TRUE
 Access  Find Exchange Money Articles,TRUE
 Access  Find Redeem Random Card Config,TRUE
 Access  Find Lucky Box Articles,TRUE
 Access  Find Redeem Random Card Articles,TRUE
 Access  Find Redeem Config,TRUE
 Access  Find Lucky Box Config,TRUE
 Access  Find Redeem Reward,TRUE
 Access  Find Redeem Reward Articles,TRUE
 Menu  Quest,TRUE
 Access  Find Quest Transaction,TRUE
 Access  Get Quest Transaction,TRUE
 Access  Get Quest Transaction Detail,TRUE
 Access  Find Quest Member Detail,TRUE
 Access  Find Daily Quest,TRUE
 Access  Find Web Daily Quest,TRUE
 Access  Find Quest Management,TRUE
 Access  Get Quest Management,TRUE
 Access  Get Details Quest Language Setting,TRUE
 Access  View Quest Language Setting,TRUE
 Access  Find Promotion Name,TRUE
 Access  Find Game Name,TRUE
 Access  Find Provider Quest,TRUE
 Access  Find Game Category Name,TRUE
 Access  Find Quest Config,TRUE
