Permission,LCH-JP (CS+Telesales)
 Menu  Member,TRUE
 Access  Check Twofactor Authentication,TRUE
 Access  View Member List,TRUE
 Access  Details Member,TRUE
 Access  Create Lock Member,TRUE
 Access  Update Lock Member,TRUE
 Access  Lock Member,TRUE
 Access  Lock Member Find Game Category,TRUE
 Access  Lock Member Find Game List,TRUE
 Access  Lock Member Find Provider,TRUE
 Access  Create Member,TRUE
 Access  Edit Member,TRUE
 Access  Delete Member,TRUE
 Access  Search Member,TRUE
 Access  Update Level Member,TRUE
 Access  Changepassword Member,TRUE
 Access  Create User Favorite,TRUE
 Access  Get Last 50 Trans Deposit,TRUE
 Access  Remove User Favorite,TRUE
 Access  Export Csv Last 50 Trans Deposit,TRUE
 Access  Find User Favorite,TRUE
 Access  Get Promotion In Last 50 Trans Deposit,TRUE
 Access  Find User Last Played,TRUE
 Access  Get Last 50 Trans Withdraw,TRUE
 Access  Export Csv Last 50 Trans Withdraw,TRUE
 Access  Get Bank Information Member,TRUE
 Access  Find User Favorite For Member,TRUE
 Access  Edit Bank Information Member,TRUE
 Access  Get Activity Log,TRUE
 Access  Export Csv Activity Log,TRUE
 Access  Get Login Log,TRUE
 Access  Export Csv Login Log,TRUE
 Access  Search Adjust Wallet User,TRUE
 Access  View Adjust Wallet User,TRUE
 Access  Details Adjust Wallet User,TRUE
 Access  Create Adjust Wallet User,TRUE
 Access  Sign Url For Upload,TRUE
 Access  Upload Slip,TRUE
 Access  Upload Slip,TRUE
 Access  Get User Detail For Adjust,TRUE
 Access  Patch Otp Verify,TRUE
 Access  Get Member Otp,TRUE
 Access  Find Member Otp,TRUE
 Access  Find Affiliate Team List,TRUE
 Access  Find Affiliate Team List Search,TRUE
 Access  Find Affiliate Team List Check Root,TRUE
 Access  Find Affiliate Team List Change,TRUE
 Access  Patch Affiliate Team List Change,TRUE
 Access  Find Blacklist Behavior,TRUE
 Access  Create Blacklist Behavior,TRUE
 Access  Search Adjust Point User,TRUE
 Access  Create Adjust Point User,TRUE
 Access  Find User Description,TRUE
 Access  View Adjust Point User,TRUE
 Access  Edit Member Account Pool Config,TRUE
 Access  Get Payment Pool Option,TRUE
 Access  Find Ip Member,TRUE
 Access  Find Activity Logs Ip,TRUE
 Access  Create Bet Limit User,TRUE
 Access  Check Member Account,TRUE
 Access  Check Member Wallet,TRUE
 Access  Get Wallet No Member,TRUE
 Access  Edit Wallet No Member,TRUE
 Access  Adjust Turn Deposit,TRUE
 Menu  Personal Message,TRUE
 Access  Find Message Draft,TRUE
 Access  Create Message Draft,TRUE
 Access  Create Send Management,TRUE
 Access  Get Message Draft,TRUE
 Access  Patch Message Draft,TRUE
 Access  Remove Message Draft,TRUE
 Access  Upload Message Images,TRUE
 Access  Uploader Messageimages,TRUE
 Access  Find Message Sent,TRUE
 Access  Find Personal Message Member Select,TRUE
 Access  Get Message Sent,TRUE
 Access  Patch Message Sent,TRUE
 Access  Find Replied Message Transaction,TRUE
 Access  Create Send Management Selected Member,TRUE
 Access  Create Reply Message,TRUE
 Access  Get Reply Message,TRUE
 Access  Remove Reply Message,TRUE
