Permission,HL-TH (Admin)
 Menu  CMS,TRUE
 Access  Request Upload Cms,TRUE
 Access  Find Tag Member Management,TRUE
 Access  Create Tag Member Management,TRUE
 Access  Upload Mcs,TRUE
 Access  Find Sytem Config,TRUE
 Access  Patch Tag Member Management,TRUE
 Access  Get Sytem Config,TRUE
 Access  Remove Tag Member Management,TRUE
 Access  Create Sytem Config,TRUE
 Access  Find Tag Transaction,TRUE
 Access  Patch Sytem Config,TRUE
 Access  Create Tag Transaction,TRUE
 Access  Create Note User,TRUE
 Access  Get Note User,TRUE
 Access  Remove Note User,TRUE
 Access  Remove Banner,TRUE
 Access  Patch Banner,TRUE
 Access  Create Banner,TRUE
 Access  Find Banner,TRUE
 Access  Create Systembanner,TRUE
 Access  Find Systembanner Search,TRUE
 Access  Search Vendor,TRUE
 Access  Eidt Vendor,TRUE
 Access  Find Vendor,TRUE
 Access  Set Is Active Multi Vendor,TRUE
 Access  Serch Provider,TRUE
 Access  Find Provider,TRUE
 Access  Set Is Active Multi Provider,TRUE
 Access  Create Bet Limit,TRUE
 Access  Lotto Config,TRUE
 Access  Provider Config,TRUE
 Access  Search Game List,TRUE
 Access  Find Sticky Config,TRUE
 Access  View Game List,TRUE
 Access  Patch Sticky Config,TRUE
 Access  Get Details Game List,TRUE
 Access  Edit Multi Game List Is Active,TRUE
 Access  Edit Game List,TRUE
 Access  Upload Game Images,TRUE
 Access  Create Sign Url Sticky Config,TRUE
 Access  Upload Game Images,TRUE
 Access  Upload Sticky Config,TRUE
 Access  View Member Config,TRUE
 Access  Update Member Config,TRUE
 Access  Find Notification Modal,TRUE
 Access  Create Notification Modal Add,TRUE
 Access  Remove Notification Modal,TRUE
 Access  Find Notification Modal Search,TRUE
 Access  Patch Notification Modal,TRUE
 Access  Create Notification Modal,TRUE
 Access  Create Cms Footer Manage,TRUE
 Access  Find Cms Footer Manage,TRUE
 Access  Patch Cms Footer Manage,TRUE
 Access  Remove Cms Footer Manage,TRUE
 Access  Get Cms Footer Manage,TRUE
 Access  Create Custom Function,TRUE
 Access  Find Custom Function,TRUE
 Access  Find Freestyle Manage,TRUE
 Access  Patch Freestyle Manage,TRUE
 Access  Create Bank Status Manage,TRUE
 Access  Find Freestyle Manage Search,TRUE
 Access  Find Bank Status Manage,TRUE
 Access  Create Freestyle Manage,TRUE
 Access  Remove Freestyle Manage,TRUE
 Access  Create Freestyle Manage Active,TRUE
 Access  Find Cms Bank Status Config,TRUE
 Access  Patch Cms Bank Status Config,TRUE
 Access  Create Otp Config,TRUE
 Access  Find Otp Config,TRUE
 Access  Find Pool Config,TRUE
 Access  Edit Pool Config,TRUE
 Access  Find Register Config,TRUE
 Access  Patch Register Config,TRUE
 Access  Create Member Lv Articles,TRUE
 Access  Find Member Lv Articles,TRUE
 Access  Patch Member Lv Articles,TRUE
 Access  Remove Member Lv Articles,TRUE
 Access  Find Member Lv Detail,TRUE
 Access  Get Member Lv Detail,TRUE
 Access  Patch Member Lv Detail,TRUE
 Access  Create Member Lv Detail,TRUE
 Access  Create Sign Url Member Lv Articles,TRUE
 Access  Upload Member Lv Articles,TRUE
 Access  Find Cms Slip Backup Deposit,TRUE
 Access  Patch Cms Slip Backup Deposit,TRUE
 Access  Remove Ip Whitelist Config,TRUE
 Access  Create Ip Whitelist Config,TRUE
 Access  Find Ip Whitelist Config,TRUE
 Access  Patch System Remark Config,TRUE
 Access  Find System Remark Config,TRUE
 Access  Get System Remark Config,TRUE
 Access  Delete System Remark Config,TRUE
 Access  Create System Remark Config,TRUE
 Access  Find Config Function,TRUE
 Access  Patch Config Function,TRUE
 Access  Find Notify Config List,TRUE
 Access  Edit Notify Config List,TRUE
 Access  Find Payment Deposit Config,TRUE
 Access  Set Payment Deposit Config,TRUE
 Menu  Management,TRUE
 Access  Search Group,TRUE
 Access  View Group,TRUE
 Access  Get Details Group,TRUE
 Access  Create Group,TRUE
 Access  Edit Group,TRUE
 Access  View Event For Group,TRUE
 Access  Select Add Event For Group,TRUE
 Access  View Event For Admin,TRUE
 Access  Select Add Event For Admin,TRUE
 Access  Search Manage,TRUE
 Access  View Admin List,TRUE
 Access  Veiw Detail Admin,TRUE
 Access  Create Admin,TRUE
 Access  Edit Admin,TRUE
 Access  Select Group For Admin,TRUE
 Access  Veiw Event Custom Admin,TRUE
 Access  Select Event For Custom Admin,TRUE
 Access  Edit 2fa Status,TRUE
