Permission,LCH-VN (Deposit)
 Menu  Member,TRUE
 Access  View Member List,TRUE
 Access  Details Member,TRUE
 Access  Create Member,TRUE
 Access  Search Member,TRUE
 Access  Update Level Member,TRUE
 Access  Changepassword Member,TRUE
 Access  Get Last 50 Trans Deposit,TRUE
 Access  Get Promotion In Last 50 Trans Deposit,TRUE
 Access  Get Last 50 Trans Withdraw,TRUE
 Access  Export Csv Last 50 Trans Withdraw,TRUE
 Access  Get Bank Information Member,TRUE
 Access  Edit Bank Information Member,TRUE
 Access  Get Login Log,TRUE
 Access  Search Adjust Wallet User,TRUE
 Access  View Adjust Wallet User,TRUE
 Access  Details Adjust Wallet User,TRUE
 Access  Create Adjust Wallet User,TRUE
 Access  Sign Url For Upload,TRUE
 Access  Upload Slip,TRUE
 Access  Upload Slip,TRUE
 Access  Get User Detail For Adjust,TRUE
 Access  Patch Otp Verify,TRUE
 Access  Get Member Otp,TRUE
 Access  Find Member Otp,TRUE
 Access  Find Referral Team List,TRUE
 Access  Find Referral Team List Search,TRUE
 Access  Find Referral Team List Check Root,TRUE
 Access  Find Referral Team List Change,TRUE
 Access  Patch Referral Team List Change,TRUE
 Access  Find Blacklist Behavior,TRUE
 Access  Create Blacklist Behavior,TRUE
 Access  Search Adjust Point User,TRUE
 Access  Create Adjust Point User,TRUE
 Access  View Adjust Point User,TRUE
 Access  Edit Member Account Pool Config,TRUE
 Access  Get Payment Pool Option,TRUE
 Access  Check Member Account,TRUE
 Access  Check Member Wallet,TRUE
 Access  Get Wallet No Member,TRUE
 Access  Edit Wallet No Member,TRUE
 Menu  Deposit,TRUE
 Access  View Deposit Transaction,TRUE
 Access  Details Deposit Transaction,TRUE
 Access  Rejectapprove Deposit Transaction,TRUE
 Access  Search Deposit Transaction,TRUE
 Access  Get Promotion In Details Deposit,TRUE
 Menu  Auto Bank Deposit,TRUE
 Access  Search Deposit Auto Skip,TRUE
 Access  Search Deposit Auto Verify,TRUE
 Access  Get Deposit Auto Verify,TRUE
 Access  Find Deposit Auto,TRUE
 Access  Find Deposit Auto Search,TRUE
 Access  Find Deposit Auto Wating User,TRUE
 Access  Create Deposit Auto Wating User Deposit,TRUE
 Access  Delete Deposit Auto,TRUE
 Menu  Truewallet Deposit,TRUE
 Access  View Deposit Truewallet Transaction,TRUE
 Access  Search Deposit Truewallet Transaction,TRUE
 Access  View Deposit Truewallet Waiting,TRUE
 Access  Get Deposit Truewallet Waiting,TRUE
 Access  Delete Verify,TRUE
 Access  Delete Verify Truewallet,TRUE
 Access  Search Deposit Truewallet Waiting,TRUE
 Access  Search User Deposit Truewallet Verify,TRUE
 Access  User Create Deposit Truewallet Verify,TRUE
 Access  View Deposit Truewallet Transaction Verify,TRUE
 Access  Detail Deposit Truewallet Transaction Verify,TRUE
 Access  Search Deposit Truewallet Transaction Verify,TRUE
 Menu  Promotion,TRUE
 Access  Assgin Promotion Member,TRUE
 Access  Pre Assgin Promotion Member,TRUE
 Menu  Statement,TRUE
 Access  Find User Statement Transaction,TRUE
