Permission,LCH-VN (Staff)
 Menu  Member,TRUE
 Access  Check Twofactor Authentication,TRUE
 Access  View Member List,TRUE
 Access  Details Member,TRUE
 Access  Create Member,TRUE
 Access  Search Member,TRUE
 Access  Update Level Member,TRUE
 Access  Changepassword Member,TRUE
 Access  Get Last 50 Trans Deposit,TRUE
 Access  Get Promotion In Last 50 Trans Deposit,TRUE
 Access  Get Last 50 Trans Withdraw,TRUE
 Access  Get Bank Information Member,TRUE
 Access  Get Activity Log,TRUE
 Access  Get Login Log,TRUE
 Access  Search Adjust Wallet User,TRUE
 Access  View Adjust Wallet User,TRUE
 Access  Details Adjust Wallet User,TRUE
 Access  Sign Url For Upload,TRUE
 Access  Upload Slip,TRUE
 Access  Upload Slip,TRUE
 Access  Get User Detail For Adjust,TRUE
 Access  Patch Otp Verify,TRUE
 Access  Get Member Otp,TRUE
 Access  Find Member Otp,TRUE
 Access  Find Referral Team List,TRUE
 Access  Find Referral Team List Search,TRUE
 Access  Find Referral Team List Check Root,TRUE
 Access  Find Referral Team List Change,TRUE
 Access  Find Blacklist Behavior,TRUE
 Access  Create Blacklist Behavior,TRUE
 Access  Search Adjust Point User,TRUE
 Access  View Adjust Point User,TRUE
 Access  Edit Member Account Pool Config,TRUE
 Access  Get Payment Pool Option,TRUE
 Access  Check Member Account,TRUE
 Access  Check Member Wallet,TRUE
 Access  Get Wallet No Member,TRUE
 Access  Edit Wallet No Member,TRUE
 Menu  Deposit,TRUE
 Access  View Deposit Transaction,TRUE
 Access  Details Deposit Transaction,TRUE
 Access  Search Deposit Transaction,TRUE
 Access  Get Promotion In Details Deposit,TRUE
 Menu  Auto Bank Deposit,TRUE
 Access  Search Deposit Auto Skip,TRUE
 Access  Search Deposit Auto Verify,TRUE
 Access  Get Deposit Auto Verify,TRUE
 Access  Find Deposit Auto,TRUE
 Access  Find Deposit Auto Search,TRUE
 Access  Find Deposit Auto Wating User,TRUE
 Access  Create Deposit Auto Wating User Deposit,TRUE
 Menu  Truewallet Deposit,TRUE
 Access  View Deposit Truewallet Transaction,TRUE
 Access  Search Deposit Truewallet Transaction,TRUE
 Access  View Deposit Truewallet Waiting,TRUE
 Access  Get Deposit Truewallet Waiting,TRUE
 Access  Search Deposit Truewallet Waiting,TRUE
 Access  Search User Deposit Truewallet Verify,TRUE
 Access  User Create Deposit Truewallet Verify,TRUE
 Access  View Deposit Truewallet Transaction Verify,TRUE
 Access  Detail Deposit Truewallet Transaction Verify,TRUE
 Access  Search Deposit Truewallet Transaction Verify,TRUE
 Menu  Rebate,TRUE
 Access  Find Rebate Config,TRUE
 Access  Find Rebate Rule,TRUE
 Access  Get Rebate Rule,TRUE
 Access  Find Rebate Transaction,TRUE
 Access  Search Rebate Transaction,TRUE
 Access  Find Rebate Transaction Detail,TRUE
 Access  Find Rebate Transfer,TRUE
 Access  Find Rebate History,TRUE
 Access  Search Rebate History,TRUE
 Access  Find Rebate History,TRUE
 Access  Search Rebate History,TRUE
 Access  Find Rebate Articles,TRUE
 Access  User Claim Rebate,TRUE
 Access  Find Rebate Member Detail,TRUE
 Menu  Cashback,TRUE
 Access  Find Cashback Config,TRUE
 Access  Find Cashback Articles,TRUE
 Access  Find Cashback Rule,TRUE
 Access  Get Cashback Rule,TRUE
 Access  Find Cashback Transaction,TRUE
 Access  Search Cashback Transaction,TRUE
 Access  Find Rebate Transaction Detail,TRUE
 Access  Find Cashback Transfer,TRUE
 Access  Find Rebate Transaction History,TRUE
 Access  Search Rebate Transaction Detail,TRUE
 Access  Find Cashback Member Detail,TRUE
 Menu  Referral,TRUE
 Access  Get Referral Rule,TRUE
 Access  Find Referral Rule,TRUE
 Access  Find Referral Config,TRUE
 Access  Find Referral Domain,TRUE
 Access  Find Referral Maximum Config,TRUE
 Access  Find Referral Monthly Report,TRUE
 Access  Find Referral Transfer History,TRUE
 Access  Find Referral Transaction Member Per Level,TRUE
 Access  Find Referral Transaction View,TRUE
 Access  Find Referral Transaction Per Level,TRUE
 Access  Find Referral Transaction Detail,TRUE
 Access  Find Referral Transaction,TRUE
 Access  Find Referral Transaction Search,TRUE
 Access  Find Referral Data Daily Referral,TRUE
 Access  Find Daily Referral Search,TRUE
 Access  Find Daily Referral Search,TRUE
 Access  Find Referral Member Detail,TRUE
 Menu  Point,TRUE
 Access  Find Point Transaction,TRUE
 Access  Find Point Transaction Detail,TRUE
 Access  Get Point Transaction,TRUE
 Access  Find Point Config,TRUE
 Access  Find Point Rule,TRUE
 Access  Get Point Rule,TRUE
 Access  Details Adjust Point User,TRUE
 Access  Find Point Member Detail,TRUE
 Menu  Redeem,TRUE
 Access  Find Redeem Exchange Money Config,TRUE
 Access  Find Redeem Transaction,TRUE
 Access  Find Redeem Transaction Lre,TRUE
 Access  Find Redeem Transaction Detail Lr,TRUE
 Access  Find Redeem Transaction Detail E,TRUE
 Access  Find Redeem Transaction Rr,TRUE
 Access  Find Redeem Transaction Rr View,TRUE
 Access  Find Exchange Money Articles,TRUE
 Access  Find Redeem Random Card Config,TRUE
 Access  Find Lucky Box Articles,TRUE
 Access  Find Redeem Random Card Articles,TRUE
 Access  Find Redeem Config,TRUE
 Access  Find Lucky Box Config,TRUE
 Access  Find Redeem Reward,TRUE
 Access  Find Redeem Reward Articles,TRUE
 Menu  Statement,TRUE
 Access  Find User Statement Transaction,TRUE
